Venta_ID;Fecha;Sucursal;Producto;Cantidad;Precio_Unitario
V001;01/09/2026; neiva ; cuaderno ;2;10000,00
V002;02/09/2026;NEIVA; termo ;1;20000,00
V003;03/09/2026;Neiva;LAPICERO;3;5000,00
V004;04/09/2026; neiva; agenda;2;15000,00
V005;05/09/2026; bogota ;CUADERNO;2;10000,00
V006;06/09/2026;BOGOTA;Termo;2;20000,00
V007;07/09/2026;Bogota; lapicero ;4;5000,00
V008;08/09/2026; bogota;AGENDA;1;15000,00
V009;09/09/2026; pitalito ;Cuaderno;3;10000,00
V010;10/09/2026;PITALITO; termo;1;20000,00
V011;11/09/2026;Pitalito;LAPICERO ;2;5000,00
V012;12/09/2026;pitalito; agenda ;2;15000,00
V001;01/09/2026;NEIVA;CUADERNO;2;10000,00
V006;06/09/2026; bogota ; TERMO ;2;20000,00
V011;11/09/2026; PITALITO ; lapicero;2;5000,00
