Canal,Ciudad,Ventas,Unidades,Ingreso_Neto,Margen_Bruto,Entregas,Tardias,Satisfaccion,Margen_Pct,Ticket,Tardias_Pct
App,Bogotá,24,61,1128845,427445,24,3,4.291666666666667,0.37865694581629894,47035.208333333336,0.125
App,Cali,15,39,640940,239140,15,6,4.466666666666667,0.37310824726183417,42729.333333333336,0.4
App,Florencia,16,42,706730,254130,16,1,3.8125,0.3595856975082422,44170.625,0.0625
App,Ibagué,20,59,1200380,464480,20,2,4.1,0.38694413435745345,60019.0,0.1
App,Medellín,23,62,1217345,445845,23,10,3.739130434782609,0.3662437517712727,52928.04347826087,0.43478260869565216
App,Neiva,27,66,1230005,482005,27,1,4.444444444444445,0.3918723907626392,45555.74074074074,0.037037037037037035
Tienda,Bogotá,31,88,1782370,618770,0,0,4.419354838709677,0.34716136380212864,57495.8064516129,
Tienda,Cali,30,79,1624365,596565,0,0,4.566666666666666,0.36726043715544227,54145.5,
Tienda,Florencia,22,58,1220565,419065,0,0,4.454545454545454,0.3433368972565984,55480.22727272727,
Tienda,Ibagué,29,70,1508680,525180,0,0,4.379310344827586,0.3481056287615664,52023.44827586207,
Tienda,Medellín,29,93,1950600,730400,0,0,4.275862068965517,0.3744488875217882,67262.06896551725,
Tienda,Neiva,49,132,3460450,1204150,0,0,4.346938775510204,0.3479749743530466,70621.42857142857,
Web,Bogotá,31,66,1239615,455615,31,17,3.903225806451613,0.36754556858379417,39987.58064516129,0.5483870967741935
Web,Cali,24,58,872570,333670,24,9,3.9166666666666665,0.3823991198413881,36357.083333333336,0.375
Web,Florencia,20,51,1142575,410275,20,9,4.1,0.3590792726954467,57128.75,0.45
Web,Ibagué,24,63,1491115,530215,24,3,4.25,0.3555829027271538,62129.791666666664,0.125
Web,Medellín,25,68,1346260,482760,25,10,4.08,0.35859343663185417,53850.4,0.4
Web,Neiva,41,105,2407600,816600,41,2,4.463414634146342,0.3391759428476491,58721.95121951219,0.04878048780487805
