Canal,Medio_Pago,Ventas,Unidades,Ingreso_Neto,Margen_Bruto,Entregas,Tardias,Satisfaccion,Margen_Pct,Ticket,Tardias_Pct
App,Billetera digital,41,100,1786495,662695,41,7,4.2682926829268295,0.3709470219619982,43573.04878048781,0.17073170731707318
App,Efectivo,10,29,650380,229380,10,0,4.0,0.35268612195946986,65038.0,0.0
App,Tarjeta,41,117,2201115,843015,41,10,4.146341463414634,0.3829945277734239,53685.73170731707,0.24390243902439024
App,Transferencia,33,83,1486255,577955,33,6,4.0606060606060606,0.3888666480516466,45038.030303030304,0.18181818181818182
Tienda,Billetera digital,35,91,2221790,745590,0,0,4.285714285714286,0.33558077045985446,63479.71428571428,
Tienda,Efectivo,73,202,4418495,1569895,0,0,4.47945205479452,0.3553008433867188,60527.32876712329,
Tienda,Tarjeta,44,139,2870130,1067430,0,0,4.431818181818182,0.371909983171494,65230.22727272727,
Tienda,Transferencia,38,88,2036615,711215,0,0,4.315789473684211,0.3492142599362177,53595.13157894737,
Web,Billetera digital,54,131,2491410,866410,54,15,4.222222222222222,0.3477588995789533,46137.22222222222,0.2777777777777778
Web,Efectivo,9,20,364115,139615,9,4,4.0,0.3834365516389053,40457.22222222222,0.4444444444444444
Web,Tarjeta,60,143,3294545,1168345,60,15,4.133333333333334,0.3546301537845135,54909.083333333336,0.25
Web,Transferencia,42,117,2349665,854765,42,16,4.095238095238095,0.36378164546860936,55944.40476190476,0.38095238095238093
